{
  "models": {
    "decision_tree": {
      "metrics": {
        "accuracy": 0.6827968923418424,
        "precision": 0.6784835769063812,
        "recall": 0.694255256144507,
        "f1": 0.686278814489572,
        "roc_auc": 0.7423400911452955
      },
      "model_path": "models/decision_tree_model.pkl"
    },
    "neural_network": {
      "metrics": {
        "accuracy": 0.6864224935257122,
        "precision": 0.6806433084434234,
        "recall": 0.7018063369854901,
        "f1": 0.6910628371482723,
        "roc_auc": 0.7572452477339049
      },
      "model_path": "models/neural_network_model.pkl"
    },
    "random_forest": {
      "metrics": {
        "accuracy": 0.6881243063263041,
        "precision": 0.6878792363474915,
        "recall": 0.6881847793899911,
        "f1": 0.6880319739471542,
        "roc_auc": 0.757529849578421
      },
      "model_path": "models/random_forest_model.pkl"
    },
    "kmeans": {
      "n_clusters": 3,
      "model_path": "models/kmeans_clustering_model.pkl"
    }
  },
  "feature_importance": {
    "decision_tree": [
      [
        "Odd_1",
        0.6174563057756017
      ],
      [
        "Odd_2",
        0.19971536464881356
      ],
      [
        "Rank_1",
        0.025140198584370256
      ],
      [
        "Rank_2",
        0.024603245127027808
      ],
      [
        "Player_1",
        0.020693572018978684
      ],
      [
        "Player_2",
        0.016471881414843285
      ],
      [
        "Pts_1",
        0.01485384481921388
      ],
      [
        "Year",
        0.01276341020136813
      ],
      [
        "Pts_2",
        0.012543944012464317
      ],
      [
        "Day",
        0.00892438986938817
      ],
      [
        "Month",
        0.0037833768524662696
      ],
      [
        "Series_ATP250",
        0.0016893429160442525
      ],
      [
        "Series_Grand Slam",
        0.001424226694582912
      ],
      [
        "Round_2nd Round",
        0.0013259534997641718
      ],
      [
        "Surface_Carpet",
        0.0010659660263014467
      ],
      [
        "Tournament_Valencia Open 500",
        0.0009958459296672772
      ],
      [
        "Surface_Clay",
        0.0009446636298865123
      ],
      [
        "Tournament_Hall of Fame Championships",
        0.0009239268304507527
      ],
      [
        "Series_International",
        0.0009029844035465113
      ],
      [
        "Tournament_ABN AMRO World Tennis Tournament",
        0.0008987497750900651
      ]
    ],
    "neural_network": [],
    "random_forest": [
      [
        "Odd_2",
        0.26413422869609715
      ],
      [
        "Odd_1",
        0.25398827778126354
      ],
      [
        "Rank_2",
        0.09709608714347419
      ],
      [
        "Rank_1",
        0.09190489712870115
      ],
      [
        "Pts_1",
        0.05612348025994123
      ],
      [
        "Pts_2",
        0.05456069013597815
      ],
      [
        "Player_1",
        0.027204149970962366
      ],
      [
        "Player_2",
        0.026196130324592278
      ],
      [
        "Year",
        0.0192475166494912
      ],
      [
        "Day",
        0.0171853249881128
      ],
      [
        "Month",
        0.006440233668987784
      ],
      [
        "Round_1st Round",
        0.005028372892400991
      ],
      [
        "Round_2nd Round",
        0.003890875121604777
      ],
      [
        "Series_Grand Slam",
        0.0034478211985547714
      ],
      [
        "Best of",
        0.002958591666685831
      ],
      [
        "Round_Quarterfinals",
        0.002565805327999052
      ],
      [
        "Round_Semifinals",
        0.00232587531851159
      ],
      [
        "Round_3rd Round",
        0.0022520749489388183
      ],
      [
        "Series_ATP250",
        0.0018485468982482533
      ],
      [
        "Round_The Final",
        0.0017119674831805756
      ]
    ]
  }
}